name,true_positive,true_negative,false_positive,false_negative,recall,sensitivity,specificity,fall_out,precision,accuracy,error,f1,confusion_matrix,roc_curve
testowe,2,2,1,1,0.5,0.6666666666666666,0.6666666666666666,0.5,0.6666666666666666,0.6666666666666666,0.3333333333333333,0.5714285714285715,,
testowe,2,2,1,1,0.5,0.6666666666666666,0.6666666666666666,0.5,0.6666666666666666,0.6666666666666666,0.3333333333333333,0.5714285714285715,,
testowe,2,2,1,1,0.5,0.6666666666666666,0.6666666666666666,0.5,0.6666666666666666,0.6666666666666666,0.3333333333333333,0.5714285714285715,,
