method,description,train_time,predict_time,true_positive,true_negative,false_positive,false_negative,recall,sensitivity,specificity,fall_out,precision,accuracy,error,f1,confusion_matrix,roc_curve
BernoulliNBC,Naive Bayes classifier for multivariate Bernoulli models,1.1168575286865234,0.2136082649230957,[ 5 15 19],[44 49 21],[ 7  1 28],[19 10  7],[0.10204082 0.234375   0.475     ],[0.20833333 0.6        0.73076923],[0.8627451  0.98       0.42857143],[0.73076923 0.90909091 0.2       ],[0.41666667 0.9375     0.40425532],[4.08333333 5.33333333 3.33333333],[2.16666667 0.91666667 2.91666667],[0.1369863  0.33707865 0.57575758],"[[[44  7]
  [19  5]]

 [[49  1]
  [10 15]]

 [[21 28]
  [ 7 19]]]",
ComplementNBC,The Complement Naive Bayes classifier described in Rennie et al,0.956831693649292,0.17987632751464844,[10 25 19],[47 42 40],[4 8 9],[14  0  7],[0.1754386  0.37313433 0.3220339 ],[0.41666667 1.         0.73076923],[0.92156863 0.84       0.81632653],[0.77777778 0.         0.4375    ],[0.71428571 0.75757576 0.67857143],[4.75       5.58333333 4.91666667],[1.5        0.66666667 1.33333333],[0.24691358 0.54347826 0.44705882],"[[[47  4]
  [14 10]]

 [[42  8]
  [ 0 25]]

 [[40  9]
  [ 7 19]]]",
GaussianNBC,Gaussian Naive Bayes (GaussianNB),1.4448888301849365,1.090529203414917,[16 23 19],[42 50 41],[9 0 8],[8 2 7],[0.27586207 0.31506849 0.31666667],[0.66666667 0.92       0.73076923],[0.82352941 1.         0.83673469],[0.47058824 1.         0.46666667],[0.64      1.        0.7037037],[4.83333333 6.08333333 5.        ],[1.41666667 0.16666667 1.25      ],[0.3902439  0.46938776 0.44186047],"[[[42  9]
  [ 8 16]]

 [[50  0]
  [ 2 23]]

 [[41  8]
  [ 7 19]]]",
MultinomialNBC,Naive Bayes classifier for multinomial models,0.9493703842163086,0.10189509391784668,[16 23 18],[41 49 42],[10  1  7],[8 2 8],[0.28070175 0.31944444 0.3       ],[0.66666667 0.92       0.69230769],[0.80392157 0.98       0.85714286],[0.44444444 0.66666667 0.53333333],[0.61538462 0.95833333 0.72      ],[4.75 6.   5.  ],[1.5  0.25 1.25],[0.39506173 0.4742268  0.41860465],"[[[41 10]
  [ 8 16]]

 [[49  1]
  [ 2 23]]

 [[42  7]
  [ 8 18]]]",
